{
  "project_info": {
    "project_number": "1022995799551",
    "firebase_url": "https://mad-project-16f87.firebaseio.com",
    "project_id": "mad-project-16f87",
    "storage_bucket": "mad-project-16f87.appspot.com"
  },
  "client": [
    {
      "client_info": {
        "mobilesdk_app_id": "1:1022995799551:android:a0e5c77743874e85fadbca",
        "android_client_info": {
          "package_name": "com.example.madproject"
        }
      },
      "oauth_client": [
        {
          "client_id": "1022995799551-7ms8fat42tdqsrjgmpdmrnvql5lme4q0.apps.googleusercontent.com",
          "client_type": 3
        }
      ],
      "api_key": [
        {
          "current_key": "AIzaSyC-mj-IVg9FopjKbs2I9ZtOy3cyDCXqzL0"
        }
      ],
      "services": {
        "appinvite_service": {
          "other_platform_oauth_client": [
            {
              "client_id": "1022995799551-7ms8fat42tdqsrjgmpdmrnvql5lme4q0.apps.googleusercontent.com",
              "client_type": 3
            }
          ]
        }
      }
    }
  ],
  "configuration_version": "1"
}